,Accuracy,Loss
1,0.9933823529411765,0.035222121425356495
