,Accuracy,Loss
1,0.24411764705882352,1.9665497523896835
