,Accuracy,Loss
1,0.5384615384615384,0.683749258518219
2,0.46153846153846156,0.6742171049118042
3,0.46153846153846156,0.643315851688385
