,Accuracy,Loss
1,0.23455882352941176,1.8397723208455479
