,Accuracy,Loss
1,0.9933823529411765,0.033491767199901754
